congress,latestAction_actionDate,latestAction_actionTime,latestAction_text,number,originChamber,originChamberCode,title,type,updateDate,updateDateIncludingText,url
118,2024-05-10,,Presented to President.,8289,House,H,"To extend authorizations for the airport improvement program, to extend the funding and expenditure authority of the Airport and Airway Trust Fund, and for other purposes.",HR,2024-05-12,2024-05-12T04:05:17Z,https://api.congress.gov/v3/bill/118/hr/8289?format=json
118,2024-05-10,,Presented to President.,593,House,H,"To rename the Department of Veterans Affairs community-based outpatient clinic in Hinesville, Georgia, as the ""John Gibson, Dan James, William Sapp, and Frankie Smiley VA Clinic"".",HR,2024-05-12,2024-05-12T04:05:31Z,https://api.congress.gov/v3/bill/118/hr/593?format=json
118,2024-05-10,,"Placed on the Union Calendar, Calendar No. 417.",6572,House,H,Deploying American Blockchains Act of 2023,HR,2024-05-12,2024-05-12T04:05:21Z,https://api.congress.gov/v3/bill/118/hr/6572?format=json
118,2024-05-10,,"Placed on the Union Calendar, Calendar No. 416.",6543,House,H,No Hidden FEES Act of 2023,HR,2024-05-12,2024-05-12T04:05:32Z,https://api.congress.gov/v3/bill/118/hr/6543?format=json
118,2024-05-10,,"Placed on the Union Calendar, Calendar No. 415.",5390,House,H,Critical Infrastructure Manufacturing Feasibility Act,HR,2024-05-12,2024-05-12T04:05:21Z,https://api.congress.gov/v3/bill/118/hr/5390?format=json
118,2024-05-10,,"Placed on the Union Calendar, Calendar No. 414.",4814,House,H,Consumer Safety Technology Act,HR,2024-05-12,2024-05-12T04:05:30Z,https://api.congress.gov/v3/bill/118/hr/4814?format=json
118,2024-05-10,,"Placed on the Union Calendar, Calendar No. 413.",4310,House,H,Youth Poisoning Protection Act,HR,2024-05-12,2024-05-12T04:05:24Z,https://api.congress.gov/v3/bill/118/hr/4310?format=json
118,2024-05-10,,"Placed on the Union Calendar, Calendar No. 412.",3950,House,H,TICKET Act,HR,2024-05-12,2024-05-12T04:05:16Z,https://api.congress.gov/v3/bill/118/hr/3950?format=json
118,2024-05-10,,Referred to the House Committee on Ways and Means.,8355,House,H,To amend the Internal Revenue Code of 1986 to recognize Indian tribal governments for purposes of determining under the adoption credit whether a child has special needs.,HR,2024-05-12,2024-05-12T04:05:27Z,https://api.congress.gov/v3/bill/118/hr/8355?format=json
118,2024-05-10,,Referred to the House Committee on Financial Services.,8340,House,H,"To amend section 3(b)(4) of the United States Housing Act of 1937 to exclude certain disability benefits from income for the purposes of determining eligibility for the supported housing program under section 8(o)(19), and for other purposes.",HR,2024-05-12,2024-05-12T04:05:22Z,https://api.congress.gov/v3/bill/118/hr/8340?format=json
118,2024-05-10,,Referred to the House Committee on Homeland Security.,8348,House,H,"To establish in the Cybersecurity and Infrastructure Security Agency of the Department of Homeland Security a task force on artificial intelligence, and for other purposes.",HR,2024-05-12,2024-05-12T04:05:28Z,https://api.congress.gov/v3/bill/118/hr/8348?format=json
118,2024-05-10,,"Referred to the Committee on Oversight and Accountability, and in addition to the Committee on the Budget, for a period to be subsequently determined by the Speaker, in each case for consideration of such provisions as fall within the jurisdiction of the committee concerned.",8343,House,H,"To amend title 31, United States Code, to include information on improper payments under Federal programs, to change the treatment of certain Federal programs with respect to susceptibility to significant improper payments, and for other purposes.",HR,2024-05-12,2024-05-12T04:05:30Z,https://api.congress.gov/v3/bill/118/hr/8343?format=json
118,2024-05-10,,Referred to the House Committee on Agriculture.,8350,House,H,"To amend the Federal Crop Insurance Act to provide premium support for certain plans of insurance, and for other purposes.",HR,2024-05-12,2024-05-12T04:05:14Z,https://api.congress.gov/v3/bill/118/hr/8350?format=json
118,2024-05-10,,Referred to the House Committee on Foreign Affairs.,8362,House,H,"To direct the Secretary of State to host regular U.S.-Africa Leaders Summits, and for other purposes.",HR,2024-05-12,2024-05-12T04:05:21Z,https://api.congress.gov/v3/bill/118/hr/8362?format=json
118,2024-05-10,12:34:12,Held at the desk.,2825,Senate,S,Dustoff Crews of the Vietnam War Congressional Gold Medal Act,S,2024-05-12,2024-05-12T04:05:19Z,https://api.congress.gov/v3/bill/118/s/2825?format=json
118,2024-05-10,,"Referred to the Committee on Oversight and Accountability, and in addition to the Committee on Armed Services, for a period to be subsequently determined by the Speaker, in each case for consideration of such provisions as fall within the jurisdiction of the committee concerned.",8335,House,H,"To require the Director of the Office of Management and Budget to submit to Congress an annual report on projects that are over budget and behind schedule, and for other purposes.",HR,2024-05-12,2024-05-12T04:05:18Z,https://api.congress.gov/v3/bill/118/hr/8335?format=json
118,2024-05-10,12:34:06,Held at the desk.,36,Senate,S,A concurrent resolution authorizing the use of Emancipation Hall in the Capitol Visitor Center for an event to celebrate the birthday of King Kamehameha I.,SCONRES,2024-05-12,2024-05-12T04:05:24Z,https://api.congress.gov/v3/bill/118/sconres/36?format=json
118,2024-05-10,,Referred to the House Committee on Natural Resources.,8363,House,H,"To exchange non-Federal land held by the Chugach Alaska Corporation for certain Federal Land in the Chugach Region, and for other purposes.",HR,2024-05-12,2024-05-12T04:05:14Z,https://api.congress.gov/v3/bill/118/hr/8363?format=json
118,2024-05-10,12:33:59,Held at the desk.,3791,Senate,S,America's Conservation Enhancement Reauthorization Act of 2024,S,2024-05-12,2024-05-12T04:05:29Z,https://api.congress.gov/v3/bill/118/s/3791?format=json
118,2024-05-10,12:33:52,Held at the desk.,2861,Senate,S,Billie Jean King Congressional Gold Medal Act,S,2024-05-12,2024-05-12T04:05:28Z,https://api.congress.gov/v3/bill/118/s/2861?format=json
118,2024-05-10,,Referred to the House Committee on Education and the Workforce.,1223,House,H,"Designating October, 10, 2024, as ""American Girls in Sports Day"".",HRES,2024-05-12,2024-05-12T04:05:16Z,https://api.congress.gov/v3/bill/118/hres/1223?format=json
118,2024-05-10,,"Referred to the Committee on Energy and Commerce, and in addition to the Committee on Ways and Means, for a period to be subsequently determined by the Speaker, in each case for consideration of such provisions as fall within the jurisdiction of the committee concerned.",139,House,H,"Providing for congressional disapproval under chapter 8 of title 5, United States Code, of the rule submitted by the Centers for Medicare & Medicaid Services relating to ""Medicare and Medicaid Programs: Minimum Staffing Standards for Long-Term Care Facilities and Medicaid Institutional Payment Transparency Reporting"".",HJRES,2024-05-12,2024-05-12T04:05:32Z,https://api.congress.gov/v3/bill/118/hjres/139?format=json
118,2024-05-10,12:33:43,Held at the desk.,2195,Senate,S,Diesel Emissions Reduction Act of 2023,S,2024-05-12,2024-05-12T04:05:24Z,https://api.congress.gov/v3/bill/118/s/2195?format=json
118,2024-05-10,,Referred to the House Committee on Financial Services.,8337,House,H,"To amend the Federal banking laws to improve the safety and soundness of the United States banking system, and for other purposes.",HR,2024-05-12,2024-05-12T04:05:27Z,https://api.congress.gov/v3/bill/118/hr/8337?format=json
118,2024-05-10,,Referred to the House Committee on the Judiciary.,8354,House,H,"To provide for the implementation of a system of licensing for purchasers of certain firearms and for a record of sale system for those firearms, and for other purposes.",HR,2024-05-12,2024-05-12T04:05:25Z,https://api.congress.gov/v3/bill/118/hr/8354?format=json
118,2024-05-10,,Referred to the House Committee on the Judiciary.,1218,House,H,Expressing the sense of the House of Representatives that Congress recognizes the unseen sacrifices and countless contributions of the Southwest Florida law enforcement community.,HRES,2024-05-12,2024-05-12T04:05:17Z,https://api.congress.gov/v3/bill/118/hres/1218?format=json
118,2024-05-10,,Referred to the House Committee on Ways and Means.,8352,House,H,"To require the imposition of additional duties with respect to imports of green energy goods that originate in the People's Republic of China, and for other purposes.",HR,2024-05-12,2024-05-12T04:05:25Z,https://api.congress.gov/v3/bill/118/hr/8352?format=json
118,2024-05-10,,Referred to the House Committee on Education and the Workforce.,8346,House,H,To assist survivors of stroke and other debilitating health occurrences in returning to work.,HR,2024-05-12,2024-05-12T04:05:32Z,https://api.congress.gov/v3/bill/118/hr/8346?format=json
118,2024-05-10,,"Referred to the Committee on Foreign Affairs, and in addition to the Committee on the Judiciary, for a period to be subsequently determined by the Speaker, in each case for consideration of such provisions as fall within the jurisdiction of the committee concerned.",8361,House,H,"To impose sanctions with respect to economic or industrial espionage by foreign adversarial companies, and for other purposes.",HR,2024-05-12,2024-05-12T04:05:21Z,https://api.congress.gov/v3/bill/118/hr/8361?format=json
118,2024-05-10,,Referred to the House Committee on Financial Services.,8356,House,H,"To amend the Truth in Lending Act to provide for a safe harbor for small-dollar credit products, and for other purposes.",HR,2024-05-12,2024-05-12T04:05:30Z,https://api.congress.gov/v3/bill/118/hr/8356?format=json
118,2024-05-10,,Referred to the House Committee on Energy and Commerce.,1216,House,H,Expressing support for the goals and ideals of National Stroke Awareness Month.,HRES,2024-05-12,2024-05-12T04:05:25Z,https://api.congress.gov/v3/bill/118/hres/1216?format=json
118,2024-05-10,,Referred to the House Committee on Ways and Means.,8351,House,H,"To increase duties imposed with respect to autos imported into the United States that originate in the People's Republic of China, and for other purposes.",HR,2024-05-12,2024-05-12T04:05:14Z,https://api.congress.gov/v3/bill/118/hr/8351?format=json
118,2024-05-10,,Referred to the House Committee on Transportation and Infrastructure.,8357,House,H,"To provide that not less than 3 percent of the amounts made available for certain Federal-aid highway programs shall be expended through veteran owned small business concerns, and for other purposes.",HR,2024-05-12,2024-05-12T04:05:15Z,https://api.congress.gov/v3/bill/118/hr/8357?format=json
118,2024-05-10,,Referred to the House Committee on Foreign Affairs.,8368,House,H,"To establish a Coordinator for Afghan Relocation Efforts in the Department of State, and for other purposes.",HR,2024-05-12,2024-05-12T04:05:19Z,https://api.congress.gov/v3/bill/118/hr/8368?format=json
118,2024-05-10,,Referred to the House Committee on the Judiciary.,8364,House,H,"To amend chapter 44 of title 18, United States Code, to update certain procedures applicable to commerce in firearms and remove certain Federal restrictions on interstate firearms transactions.",HR,2024-05-12,2024-05-12T04:05:20Z,https://api.congress.gov/v3/bill/118/hr/8364?format=json
118,2024-05-10,,Referred to the House Committee on Oversight and Accountability.,8334,House,H,"To require any applicant for a Federal grant to submit a certification that such applicant in not in violation of section 274(a) of the Immigration and Nationality Act, and for other purposes.",HR,2024-05-12,2024-05-12T04:05:24Z,https://api.congress.gov/v3/bill/118/hr/8334?format=json
118,2024-05-10,,Referred to the House Committee on Energy and Commerce.,1217,House,H,"Supporting the designation of May 10, 2024, as ""National Asian American, Native Hawaiian, and Pacific Islander Mental Health Day"".",HRES,2024-05-12,2024-05-12T04:05:29Z,https://api.congress.gov/v3/bill/118/hres/1217?format=json
118,2024-05-10,,Referred to the House Committee on Agriculture.,8359,House,H,"To amend the Federal Crop Insurance Act to require the Federal Crop Insurance Corporation to carry out research and development regarding a policy to insure table, wine and juice grapes against losses due to a freeze event, and for other purposes.",HR,2024-05-12,2024-05-12T04:05:18Z,https://api.congress.gov/v3/bill/118/hr/8359?format=json
118,2024-05-10,,Referred to the House Committee on Financial Services.,8339,House,H,"To make improvements to the securities laws, and for other purposes.",HR,2024-05-12,2024-05-12T04:05:33Z,https://api.congress.gov/v3/bill/118/hr/8339?format=json
118,2024-05-10,,Referred to the House Committee on Foreign Affairs.,8365,House,H,To amend the Sean and David Goldman International Child Abduction Prevention and Return Act of 2014 to make modifications to that Act.,HR,2024-05-12,2024-05-12T04:05:26Z,https://api.congress.gov/v3/bill/118/hr/8365?format=json
118,2024-05-10,,Referred to the House Committee on Energy and Commerce.,8360,House,H,"To amend the Federal Food, Drug, and Cosmetic Act to deem any sunscreen or cosmetic containing parabens to be adulterated.",HR,2024-05-12,2024-05-12T04:05:19Z,https://api.congress.gov/v3/bill/118/hr/8360?format=json
118,2024-05-10,,Referred to the House Committee on the Judiciary.,1220,House,H,"Impeaching Joseph Robinette Biden, Jr., President of the United States, for high crimes and misdemeanors.",HRES,2024-05-12,2024-05-12T04:05:27Z,https://api.congress.gov/v3/bill/118/hres/1220?format=json
118,2024-05-10,,Referred to the House Committee on Agriculture.,8344,House,H,To require the Secretary of Agriculture to submit to Congress a report on available assistance to agricultural producers in the State of Texas that have suffered economic losses due to the failure of Mexico to deliver water.,HR,2024-05-12,2024-05-12T04:05:26Z,https://api.congress.gov/v3/bill/118/hr/8344?format=json
118,2024-05-10,,Referred to the House Committee on Foreign Affairs.,8345,House,H,"To limit funds to the United Nations and other organizations that provide any status, rights, or privileges beyond observer status to the Palestine Liberation Organization, and for other purposes.",HR,2024-05-12,2024-05-12T04:05:17Z,https://api.congress.gov/v3/bill/118/hr/8345?format=json
118,2024-05-10,,Referred to the House Committee on Foreign Affairs.,1219,House,H,Condemning the Biden Administration's decision to pause certain arms transfers to Israel.,HRES,2024-05-12,2024-05-12T04:05:18Z,https://api.congress.gov/v3/bill/118/hres/1219?format=json
118,2024-05-10,,Referred to the House Committee on Transportation and Infrastructure.,8349,House,H,"To establish the position of National Roadway Safety Advocate within the Department of Transportation, and for other purposes.",HR,2024-05-12,2024-05-12T04:05:26Z,https://api.congress.gov/v3/bill/118/hr/8349?format=json
118,2024-05-10,,Referred to the House Committee on the Budget.,8342,House,H,"To amend title 31, United States Code, to include information on improper payments under Federal programs, and for other purposes.",HR,2024-05-12,2024-05-12T04:05:16Z,https://api.congress.gov/v3/bill/118/hr/8342?format=json
118,2024-05-10,,Referred to the House Committee on Armed Services.,8336,House,H,"To amend title 10, United States Code, to establish a counseling pathway in the Transition Assistance Program for members of the reserve components of the Armed Forces.",HR,2024-05-12,2024-05-12T04:05:23Z,https://api.congress.gov/v3/bill/118/hr/8336?format=json
118,2024-05-10,,Referred to the House Committee on House Administration.,8353,House,H,"To require the Election Assistance Commission to develop voluntary guidelines for the administration of elections that address the use and risks of artificial intelligence technologies, and for other purposes.",HR,2024-05-12,2024-05-12T04:05:28Z,https://api.congress.gov/v3/bill/118/hr/8353?format=json
118,2024-05-10,,Referred to the House Committee on Foreign Affairs.,1222,House,H,"Condemning the Communist Party of Vietnam for imprisoning independent journalists, human rights defenders, religious figures, and dissidents in Vietnam.",HRES,2024-05-12,2024-05-12T04:05:27Z,https://api.congress.gov/v3/bill/118/hres/1222?format=json
118,2024-05-10,,Referred to the House Committee on Foreign Affairs.,1221,House,H,"Marking the 35th anniversary of the Tiananmen Square massacre and condemning the ongoing and often brutal suppression of human rights and basic freedoms by the Government of the People's Republic of China and Chinese Communist Party, including in the Hong Kong Special Administrative Region, and for other purposes.",HRES,2024-05-12,2024-05-12T04:05:26Z,https://api.congress.gov/v3/bill/118/hres/1221?format=json
118,2024-05-10,,Referred to the House Committee on Education and the Workforce.,8367,House,H,To ensure labor organization transparency and accountability.,HR,2024-05-12,2024-05-12T04:05:23Z,https://api.congress.gov/v3/bill/118/hr/8367?format=json
118,2024-05-10,,Referred to the House Committee on Veterans' Affairs.,8347,House,H,"To direct the Comptroller General of the United States to conduct a study on menopause care furnished by the Department of Veterans Affairs, and for other purposes.",HR,2024-05-12,2024-05-12T04:05:31Z,https://api.congress.gov/v3/bill/118/hr/8347?format=json
118,2024-05-10,,"Referred to the Committee on Foreign Affairs, and in addition to the Committee on the Judiciary, for a period to be subsequently determined by the Speaker, in each case for consideration of such provisions as fall within the jurisdiction of the committee concerned.",8366,House,H,"To extend authorities to impose sanctions under certain laws relating to Hong Kong, Tibet, and the Xinjiang Uyghur Autonomous Region.",HR,2024-05-12,2024-05-12T04:05:18Z,https://api.congress.gov/v3/bill/118/hr/8366?format=json
118,2024-05-10,,Referred to the House Committee on Foreign Affairs.,8358,House,H,"To support Taiwan's international space, and for other purposes.",HR,2024-05-12,2024-05-12T04:05:19Z,https://api.congress.gov/v3/bill/118/hr/8358?format=json
118,2024-05-10,,Referred to the House Committee on Financial Services.,8338,House,H,"To regulate small-dollar, short-term credit products, to protect the privacy of lenders, and to improve the unfair, deceptive, or abusive acts or practices authority of the Bureau of Consumer Financial Protection, and for other purposes.",HR,2024-05-12,2024-05-12T04:05:18Z,https://api.congress.gov/v3/bill/118/hr/8338?format=json
118,2024-05-10,,"Referred to the Committee on Rules, and in addition to the Committee on the Budget, for a period to be subsequently determined by the Speaker, in each case for consideration of such provisions as fall within the jurisdiction of the committee concerned.",8341,House,H,"To amend the Congressional Budget Act of 1974 to provide that any estimate prepared by the Congressional Budget Office or the Joint Committee on Taxation shall include costs relating to servicing the public debt, and for other purposes.",HR,2024-05-12,2024-05-12T04:05:31Z,https://api.congress.gov/v3/bill/118/hr/8341?format=json
118,2024-05-10,,"Referred to the Committee on Oversight and Accountability, and in addition to the Committee on Intelligence (Permanent Select), for a period to be subsequently determined by the Speaker, in each case for consideration of such provisions as fall within the jurisdiction of the committee concerned.",8333,House,H,"To prohibit contracting with certain biotechnology providers, and for other purposes.",HR,2024-05-12,2024-05-12T04:05:23Z,https://api.congress.gov/v3/bill/118/hr/8333?format=json
118,2024-05-10,,Referred to the House Committee on Foreign Affairs.,1224,House,H,Condemning President Biden's threat to withhold aid and military assistance to Israel.,HRES,2024-05-12,2024-05-12T04:05:22Z,https://api.congress.gov/v3/bill/118/hres/1224?format=json
118,2024-05-10,,Message on Senate action sent to the House.,3935,House,H,Securing Growth and Robust Leadership in American Aviation Act,HR,2024-05-11,2024-05-11T06:11:17Z,https://api.congress.gov/v3/bill/118/hr/3935?format=json
118,2024-05-10,,Message on Senate action sent to the House.,83,House,H,Authorizing the use of the Capitol Grounds for the National Peace Officers Memorial Service and the National Honor Guard and Pipe Band Exhibition.,HCONRES,2024-05-11,2024-05-11T06:11:16Z,https://api.congress.gov/v3/bill/118/hconres/83?format=json
118,2024-05-09,,Presented to President.,1042,House,H,Prohibiting Russian Uranium Imports Act,HR,2024-05-11,2024-05-11T04:05:15Z,https://api.congress.gov/v3/bill/118/hr/1042?format=json
118,2024-05-09,,"Read twice and referred to the Committee on Commerce, Science, and Transportation.",4319,Senate,S,A bill to provide for progress reports on the national transition plan related to a fluorine-free firefighting foam.,S,2024-05-10,2024-05-10T10:56:27Z,https://api.congress.gov/v3/bill/118/s/4319?format=json
118,2024-05-09,,"Read twice and referred to the Committee on Commerce, Science, and Transportation.",4318,Senate,S,A bill to provide for an unmanned aircraft system (UAS) integration strategy.,S,2024-05-10,2024-05-10T10:56:28Z,https://api.congress.gov/v3/bill/118/s/4318?format=json
118,2024-05-09,,"Read twice and referred to the Committee on Commerce, Science, and Transportation.",4320,Senate,S,A bill to provide for the establishment of the Bessie Coleman Women in Aviation Advisory Committee.,S,2024-05-10,2024-05-10T10:56:28Z,https://api.congress.gov/v3/bill/118/s/4320?format=json
118,2024-05-09,,Received in the Senate. Read the first time. Placed on Senate Legislative Calendar under Read the First Time.,7109,House,H,Equal Representation Act,HR,2024-05-10,2024-05-10T13:23:15Z,https://api.congress.gov/v3/bill/118/hr/7109?format=json
118,2024-05-09,,"Submitted in the Senate, considered, and agreed to without amendment and with a preamble by Unanimous Consent. (consideration: CR S3667; text: CR S3660-3661)",683,Senate,S,"A resolution supporting the designation of the week of April 29 through May 3, 2024, as ""National Specialized Instructional Support Personnel Appreciation Week"".",SRES,2024-05-10,2024-05-10T13:26:17Z,https://api.congress.gov/v3/bill/118/sres/683?format=json
118,2024-05-09,,"Read twice and referred to the Committee on Commerce, Science, and Transportation.",4317,Senate,S,"A bill to appropriate funds for the Federal Communications Commission's ""rip and replace"" program and Affordable Connectivity Program, to improve the Affordable Connectivity Program, to require a spectrum auction, and for other purposes.",S,2024-05-10,2024-05-10T10:56:28Z,https://api.congress.gov/v3/bill/118/s/4317?format=json
118,2024-05-09,,"Read twice and referred to the Committee on Banking, Housing, and Urban Affairs.",4316,Senate,S,"A bill to authorize urbanized area formula grants for service improvement and safety and security enhancement, and for other purposes.",S,2024-05-10,2024-05-10T10:56:28Z,https://api.congress.gov/v3/bill/118/s/4316?format=json
118,2024-05-09,,"Read twice and referred to the Committee on Commerce, Science, and Transportation.",4315,Senate,S,A bill to require Amtrak to install baby changing tables in all ADA-accessible bathrooms on passenger rail cars.,S,2024-05-10,2024-05-10T10:56:28Z,https://api.congress.gov/v3/bill/118/s/4315?format=json
118,2024-05-09,,"Read twice and referred to the Committee on Commerce, Science, and Transportation.",4314,Senate,S,"A bill to establish the position of National Roadway Safety Advocate within the Department of Transportation, and for other purposes.",S,2024-05-10,2024-05-10T10:56:29Z,https://api.congress.gov/v3/bill/118/s/4314?format=json
118,2024-05-09,,Referred to the Committee on Foreign Relations. (text: CR S3659-3660),682,Senate,S,A resolution condemning the decision by the Biden Administration to halt the shipment of United States made ammunition and weapons to the State of Israel.,SRES,2024-05-10,2024-05-10T13:12:39Z,https://api.congress.gov/v3/bill/118/sres/682?format=json
118,2024-05-09,,Read twice and referred to the Committee on the Judiciary.,4313,Senate,S,"A bill to provide for the implementation of a system of licensing for purchasers of certain firearms and for a record of sale system for those firearms, and for other purposes.",S,2024-05-10,2024-05-10T10:56:31Z,https://api.congress.gov/v3/bill/118/s/4313?format=json
118,2024-05-09,,Placed on Senate Legislative Calendar under General Orders. Calendar No. 383.,2032,Senate,S,Legacy IT Reduction Act of 2023,S,2024-05-10,2024-05-10T10:56:40Z,https://api.congress.gov/v3/bill/118/s/2032?format=json
118,2024-05-09,,"Read twice and referred to the Committee on Health, Education, Labor, and Pensions.",4312,Senate,S,"A bill to establish a United States Senate Commission on Mental Health for the purpose of providing to Congress and the President independent, expert policy recommendations to improve access to and affordability of mental health care services.",S,2024-05-10,2024-05-10T10:56:31Z,https://api.congress.gov/v3/bill/118/s/4312?format=json
118,2024-05-09,,Read twice and referred to the Committee on Foreign Relations.,4311,Senate,S,"A bill to limit funds to the United Nations and other organizations that provide any status, rights, or privileges beyond observer status to the Palestine Liberation Organization, and for other purposes.",S,2024-05-10,2024-05-10T10:56:31Z,https://api.congress.gov/v3/bill/118/s/4311?format=json
118,2024-05-09,,"Referred to the Committee on Health, Education, Labor, and Pensions. (text: CR S3659)",681,Senate,S,"A resolution supporting the designation of May 10, 2024, as ""National Asian American, Native Hawaiian, and Pacific Islander Mental Health Day"".",SRES,2024-05-10,2024-05-10T13:12:10Z,https://api.congress.gov/v3/bill/118/sres/681?format=json
118,2024-05-09,,Read twice and referred to the Committee on Energy and Natural Resources. (text: CR S3656-3659),4310,Senate,S,"A bill to exchange non-Federal land held by the Chugach Alaska Corporation for certain Federal Land in the Chugach Region, and for other purposes.",S,2024-05-10,2024-05-10T13:11:17Z,https://api.congress.gov/v3/bill/118/s/4310?format=json
118,2024-05-09,,Placed on Senate Legislative Calendar under General Orders. Calendar No. 385.,3029,Senate,S,Honoring Civil Servants Killed in the Line of Duty Act,S,2024-05-10,2024-05-10T16:38:05Z,https://api.congress.gov/v3/bill/118/s/3029?format=json
118,2024-05-09,,Placed on Senate Legislative Calendar under General Orders. Calendar No. 384.,2150,Senate,S,Unity through Service Act of 2023,S,2024-05-10,2024-05-10T16:37:46Z,https://api.congress.gov/v3/bill/118/s/2150?format=json
118,2024-05-09,,Read twice and referred to the Committee on Armed Services.,4309,Senate,S,A bill to require the Secretary of Defense to conduct an evaluation of relocation assistance programs available to members of the Armed Forces.,S,2024-05-10,2024-05-10T10:56:32Z,https://api.congress.gov/v3/bill/118/s/4309?format=json
118,2024-05-09,,Read twice and referred to the Committee on the Judiciary.,4308,Senate,S,"A bill to reform the antitrust laws to better protect competition in the American economy, to amend the Clayton Act to modify the standard for an unlawful acquisition, to deter anticompetitive exclusionary conduct that harms competition and consumers, to enhance the ability of the Department of Justice and the Federal Trade Commission to enforce the antitrust laws, and for other purposes.",S,2024-05-10,2024-05-10T10:56:33Z,https://api.congress.gov/v3/bill/118/s/4308?format=json
118,2024-05-09,,Read twice and referred to the Committee on Environment and Public Works.,4307,Senate,S,"A bill to amend the Clean Air Act, the Federal Water Pollution Control Act, and the Endangered Species Act of 1973 to modify requirements for citizen suits under those Acts, and for other purposes.",S,2024-05-10,2024-05-10T10:56:33Z,https://api.congress.gov/v3/bill/118/s/4307?format=json
118,2024-05-09,,Read twice and referred to the Committee on the Judiciary. (text: CR S3656),4301,Senate,S,"A bill to grant States and Indian Tribes the authority to waive the 2-year foreign residence requirement for educators in rural and Tribal areas, and for other purposes.",S,2024-05-10,2024-05-10T13:10:39Z,https://api.congress.gov/v3/bill/118/s/4301?format=json
118,2024-05-09,,Read twice and referred to the Committee on Foreign Relations.,4306,Senate,S,"A bill to direct the Secretary of Defense to establish a working group to develop and coordinate an artificial intelligence initiative among the Five Eyes countries, and for other purposes.",S,2024-05-10,2024-05-10T10:56:33Z,https://api.congress.gov/v3/bill/118/s/4306?format=json
118,2024-05-09,,Read twice and referred to the Committee on Homeland Security and Governmental Affairs.,4305,Senate,S,"A bill to improve the effectiveness of body armor issued to female agents and officers of the Department of Homeland Security, and for other purposes.",S,2024-05-10,2024-05-10T10:56:33Z,https://api.congress.gov/v3/bill/118/s/4305?format=json
118,2024-05-09,,Read twice and referred to the Committee on Finance.,4304,Senate,S,"A bill to amend title XIX of the Social Security Act to provide coverage under the Medicaid program for services provided by doulas and midwives, and for other purposes.",S,2024-05-10,2024-05-10T10:56:34Z,https://api.congress.gov/v3/bill/118/s/4304?format=json
118,2024-05-09,,"Read twice and referred to the Committee on Health, Education, Labor, and Pensions.",4303,Senate,S,"A bill to amend the Federal Food, Drug, and Cosmetic Act to ensure the safety of food and limit the presence of contaminants in infant and toddler food, and for other purposes.",S,2024-05-10,2024-05-10T10:56:34Z,https://api.congress.gov/v3/bill/118/s/4303?format=json
118,2024-05-09,,"Read twice and referred to the Committee on Health, Education, Labor, and Pensions.",4302,Senate,S,"A bill to provide that individuals convicted of certain crimes relating to institutions of higher education are ineligible for Federal student financial assistance under title IV of the Higher Education Act of 1965, and for other purposes.",S,2024-05-10,2024-05-10T10:56:34Z,https://api.congress.gov/v3/bill/118/s/4302?format=json
118,2024-05-09,,Referred to the Committee on the Judiciary. (text: CR S3659),680,Senate,S,"A resolution condemning the violent, anti-American and anti-Israel protests that are occurring on campuses of institutions of higher education nationwide.",SRES,2024-05-10,2024-05-10T13:11:48Z,https://api.congress.gov/v3/bill/118/sres/680?format=json
118,2024-05-09,,"Read twice and referred to the Committee on Commerce, Science, and Transportation.",4300,Senate,S,"A bill to require the Secretary of Labor to maintain a publicly available list of all employers that relocate a call center or contract call center work overseas, to make such companies ineligible for Federal grants or guaranteed loans, and to require disclosure of the physical location of business agents engaging in customer service communications, and for other purposes.",S,2024-05-10,2024-05-10T10:56:35Z,https://api.congress.gov/v3/bill/118/s/4300?format=json
118,2024-05-09,,Placed on Senate Legislative Calendar under General Orders. Calendar No. 382.,1835,Senate,S,National Cybersecurity Awareness Act,S,2024-05-10,2024-05-10T16:37:39Z,https://api.congress.gov/v3/bill/118/s/1835?format=json
118,2024-05-09,,"Read twice and referred to the Committee on Commerce, Science, and Transportation.",4299,Senate,S,"A bill to require the Secretary of Transportation to issue a rule relating to the collection of crashworthiness information under the New Car Assessment Program of the National Highway Traffic Safety Administration, and for other purposes.",S,2024-05-10,2024-05-10T10:56:35Z,https://api.congress.gov/v3/bill/118/s/4299?format=json
118,2024-05-09,,Placed on Senate Legislative Calendar under General Orders. Calendar No. 381.,1560,Senate,S,Rural Hospital Cybersecurity Enhancement Act,S,2024-05-10,2024-05-10T16:36:35Z,https://api.congress.gov/v3/bill/118/s/1560?format=json
118,2024-05-09,,"Read twice and referred to the Committee on Commerce, Science, and Transportation.",4298,Senate,S,"A bill to provide that certain water beads products shall be considered banned hazardous products under section 8 of the Consumer Product Safety Act, and for other purposes.",S,2024-05-10,2024-05-10T10:56:35Z,https://api.congress.gov/v3/bill/118/s/4298?format=json
118,2024-05-09,,"Read twice and referred to the Committee on Banking, Housing, and Urban Affairs.",4297,Senate,S,A bill to repeal the Corporate Transparency Act.,S,2024-05-10,2024-05-10T10:56:36Z,https://api.congress.gov/v3/bill/118/s/4297?format=json
118,2024-05-09,,"Read twice and referred to the Committee on Health, Education, Labor, and Pensions.",4296,Senate,S,"A bill to amend the Public Health Service Act to provide more opportunities for mothers to succeed, and for other purposes.",S,2024-05-10,2024-05-10T10:56:36Z,https://api.congress.gov/v3/bill/118/s/4296?format=json
118,2024-05-09,,"Committee on Banking, Housing, and Urban Affairs. Hearings held.",3264,Senate,S,PRICE Act,S,2024-05-10,2024-05-10T10:56:39Z,https://api.congress.gov/v3/bill/118/s/3264?format=json
118,2024-05-09,,"Received in the Senate and Read twice and referred to the Committee on Commerce, Science, and Transportation.",4143,House,H,National Construction Safety Team Enhancement Act of 2023,HR,2024-05-10,2024-05-10T13:23:15Z,https://api.congress.gov/v3/bill/118/hr/4143?format=json
118,2024-05-09,,Received in the Senate and Read twice and referred to the Committee on Energy and Natural Resources.,2925,House,H,Mining Regulatory Clarity Act of 2024,HR,2024-05-10,2024-05-10T13:23:15Z,https://api.congress.gov/v3/bill/118/hr/2925?format=json
118,2024-05-09,,Message on House action received in Senate and at desk: House amendments to Senate bill.,870,Senate,S,An Act to amend the Federal Fire Prevention and Control Act of 1974 to authorize appropriations for the United States Fire Administration and firefighter assistance grant programs.,S,2024-05-10,2024-05-10T21:47:43Z,https://api.congress.gov/v3/bill/118/s/870?format=json
118,2024-05-09,,Received in the Senate.,109,House,H,"Providing for congressional disapproval under chapter 8 of title 5, United States Code, of the rule submitted by the Securities and Exchange Commission relating to ""Staff Accounting Bulletin No. 121"".",HJRES,2024-05-11,2024-05-11T16:27:14Z,https://api.congress.gov/v3/bill/118/hjres/109?format=json
118,2024-05-09,,Received in the Senate.,8063,House,H,"To authorize the Secretary of the Army to posthumously award the Distinguished Service Cross to William D. Owens for his valorous actions from June 6, 1944, to June 8, 1944, during World War II at La Fiere Bridge in Normandy, France, while serving with the 505th Parachute Infantry.",HR,2024-05-11,2024-05-11T04:05:16Z,https://api.congress.gov/v3/bill/118/hr/8063?format=json
118,2024-05-09,,Read twice and referred to the Committee on Finance.,4295,Senate,S,A bill to establish that institutions of higher education shall be ineligible for funds under the Higher Education Act of 1965 due to campus disorder.,S,2024-05-10,2024-05-10T10:56:27Z,https://api.congress.gov/v3/bill/118/s/4295?format=json
118,2024-05-09,,Committee on the Judiciary. Ordered to be reported without amendment favorably.,1979,Senate,S,Protecting Older Americans Act of 2023,S,2024-05-10,2024-05-10T10:56:40Z,https://api.congress.gov/v3/bill/118/s/1979?format=json
118,2024-05-08,,Read twice and referred to the Committee on Homeland Security and Governmental Affairs.,4294,Senate,S,"A bill to direct the Secretary of Homeland Security to negotiate with the Government of Canada regarding an agreement for integrated cross border aerial law enforcement operations, and for other purposes.",S,2024-05-09,2024-05-09T10:56:27Z,https://api.congress.gov/v3/bill/118/s/4294?format=json
118,2024-05-08,,"Submitted in the Senate, considered, and agreed to without amendment and with a preamble by Unanimous Consent. (consideration: CR S3626; text: S3599-3600)",679,Senate,S,A resolution expressing support for the goals and ideals of National Child Abuse Prevention Month.,SRES,2024-05-10,2024-05-10T10:56:19Z,https://api.congress.gov/v3/bill/118/sres/679?format=json
118,2024-05-08,,"Submitted in the Senate, considered, and agreed to without amendment and with a preamble by Unanimous Consent. (consideration: CR S3626; text: CR S3599)",678,Senate,S,"A resolution designating May 3, 2024, as ""United States Foreign Service Day"" in recognition of the men and women who have served, or are presently serving, in the Foreign Service of the United States, and honoring the members of the Foreign Service who have given their lives in the line of duty.",SRES,2024-05-10,2024-05-10T10:56:19Z,https://api.congress.gov/v3/bill/118/sres/678?format=json
118,2024-05-08,,"Submitted in the Senate, considered, and agreed to without amendment and with a preamble by Unanimous Consent. (consideration: CR 3626; text: CR S3599)",677,Senate,S,"A resolution recognizing the roles and contributions of the teachers of the United States in building and enhancing the civic, cultural, and economic well-being of the United States.",SRES,2024-05-10,2024-05-10T12:25:55Z,https://api.congress.gov/v3/bill/118/sres/677?format=json
118,2024-05-08,,"Placed on the Union Calendar, Calendar No. 411.",7659,House,H,Coast Guard Authorization Act of 2024,HR,2024-05-11,2024-05-11T04:05:15Z,https://api.congress.gov/v3/bill/118/hr/7659?format=json
118,2024-05-08,,"Placed on the Union Calendar, Calendar No. 410.",7581,House,H,Improving Law Enforcement Officer Safety and Wellness Through Data Act,HR,2024-05-10,2024-05-10T12:33:24Z,https://api.congress.gov/v3/bill/118/hr/7581?format=json
118,2024-05-08,,Read twice and referred to the Committee on Environment and Public Works. (text: CR S3599),4293,Senate,S,"A bill to designate the United States courthouse annex located at 310 South Main Street in London, Kentucky, as the ""Eugene E. Siler, Jr. United States Courthouse Annex"".",S,2024-05-09,2024-05-09T16:22:30Z,https://api.congress.gov/v3/bill/118/s/4293?format=json
118,2024-05-08,17:48:41,Motion to reconsider laid on the table Agreed to without objection.,1209,House,H,Declaring the office of Speaker of the House of Representatives to be vacant.,HRES,2024-05-11,2024-05-11T04:05:15Z,https://api.congress.gov/v3/bill/118/hres/1209?format=json
118,2024-05-08,,Read twice and referred to the Committee on Rules and Administration.,4292,Senate,S,"A bill to amend the National Voter Registration Act of 1993 to require proof of United States citizenship to register an individual to vote in elections for Federal office, and for other purposes.",S,2024-05-10,2024-05-10T10:56:36Z,https://api.congress.gov/v3/bill/118/s/4292?format=json
118,2024-05-08,,Read twice and referred to the Committee on the Judiciary.,4290,Senate,S,A bill to permit voluntary economic activity.,S,2024-05-09,2024-05-09T10:56:29Z,https://api.congress.gov/v3/bill/118/s/4290?format=json
118,2024-05-08,,"Read twice and referred to the Committee on Commerce, Science, and Transportation.",4291,Senate,S,"A bill to repeal the limitations on multiple ownership of radio and television stations imposed by the Federal Communications Commission, to prohibit the Federal Communications Commission from limiting common ownership of daily newspapers and full-power broadcast stations, and for other purposes.",S,2024-05-09,2024-05-09T10:56:30Z,https://api.congress.gov/v3/bill/118/s/4291?format=json
118,2024-05-08,,Read twice and referred to the Committee on Environment and Public Works.,4288,Senate,S,"A bill to amend the Atomic Energy Act of 1954 to provide for more efficient hearings on nuclear facility construction applications, and for other purposes.",S,2024-05-09,2024-05-09T10:56:30Z,https://api.congress.gov/v3/bill/118/s/4288?format=json
118,2024-05-08,,Read twice and referred to the Committee on Finance.,4287,Senate,S,"A bill to establish a program of workforce development as an alternative to college for all, and for other purposes.",S,2024-05-09,2024-05-09T10:56:30Z,https://api.congress.gov/v3/bill/118/s/4287?format=json
118,2024-05-08,,"Read twice and referred to the Committee on Health, Education, Labor, and Pensions.",4289,Senate,S,"A bill to cancel existing medical debt, and for other purposes.",S,2024-05-09,2024-05-09T10:56:30Z,https://api.congress.gov/v3/bill/118/s/4289?format=json
118,2024-05-08,,"Read twice and referred to the Committee on Health, Education, Labor, and Pensions.",4286,Senate,S,"A bill to provide emergency assistance to States, territories, Tribal nations, and local areas affected by substance use disorder, including the use of opioids and stimulants, and to make financial assistance available to States, territories, Tribal nations, local areas, public or private nonprofit entities, and certain health providers, to provide for the development, organization, coordination, and operation of more effective and cost efficient systems for the delivery of essential services to individuals with substance use disorder and their families.",S,2024-05-09,2024-05-09T10:56:31Z,https://api.congress.gov/v3/bill/118/s/4286?format=json
118,2024-05-08,,Read twice and referred to the Committee on Foreign Relations.,4285,Senate,S,A bill to amend the National Defense Authorization Act for Fiscal Year 2016 to improve cooperation between the United States and Israel on anti-tunnel defense capabilities.,S,2024-05-09,2024-05-09T10:56:31Z,https://api.congress.gov/v3/bill/118/s/4285?format=json
118,2024-05-08,,Read twice and referred to the Committee on Veterans' Affairs.,4284,Senate,S,"A bill to amend title 38, United States Code, to increase the amount of monthly housing stipend received by parents pursuing a program of education through distance learning using Post-9/11 Educational Assistance, and for other purposes.",S,2024-05-09,2024-05-09T10:56:31Z,https://api.congress.gov/v3/bill/118/s/4284?format=json
118,2024-05-08,,Received in the Senate and Read twice and referred to the Committee on Homeland Security and Governmental Affairs.,7423,House,H,"To designate the facility of the United States Postal Service located at 103 Benedette Street in Rayville, Louisiana, as the ""Luke Letlow Post Office Building"".",HR,2024-05-09,2024-05-09T12:09:07Z,https://api.congress.gov/v3/bill/118/hr/7423?format=json
118,2024-05-08,,Received in the Senate and Read twice and referred to the Committee on Energy and Natural Resources.,6192,House,H,Hands Off Our Home Appliances Act,HR,2024-05-10,2024-05-10T16:00:29Z,https://api.congress.gov/v3/bill/118/hr/6192?format=json
118,2024-05-08,,Received in the Senate and Read twice and referred to the Committee on Homeland Security and Governmental Affairs.,3354,House,H,"To designate the facility of the United States Postal Service located at 220 North Hatcher Avenue in Purcellville, Virginia, as the ""Secretary of State Madeleine Albright Post Office Building"".",HR,2024-05-09,2024-05-09T12:09:06Z,https://api.congress.gov/v3/bill/118/hr/3354?format=json
118,2024-05-08,,"Read twice and referred to the Committee on Health, Education, Labor, and Pensions.",4283,Senate,S,"A bill to establish grants to provide education on guardianship alternatives for older adults and people with disabilities to health care workers, educators, family members, and court workers and court-related personnel.",S,2024-05-09,2024-05-09T10:56:31Z,https://api.congress.gov/v3/bill/118/s/4283?format=json
118,2024-05-08,,"Read twice and referred to the Committee on Agriculture, Nutrition, and Forestry.",4282,Senate,S,A bill to prohibit the Secretary of Agriculture from implementing any rule or regulation requiring the mandatory use of electronic identification eartags on cattle and bison.,S,2024-05-09,2024-05-09T10:56:32Z,https://api.congress.gov/v3/bill/118/s/4282?format=json
118,2024-05-08,,"Read twice and referred to the Committee on Health, Education, Labor, and Pensions.",4281,Senate,S,A bill to establish a student loan forgiveness plan for certain borrowers who are employed at a qualified farm or ranch.,S,2024-05-09,2024-05-09T10:56:32Z,https://api.congress.gov/v3/bill/118/s/4281?format=json
118,2024-05-08,,Ordered to be Reported in the Nature of a Substitute (Amended) by the Yeas and Nays: 24 - 16.,8246,House,H,Second Chances for Rural Hospitals Act,HR,2024-05-10,2024-05-10T04:05:15Z,https://api.congress.gov/v3/bill/118/hr/8246?format=json
118,2024-05-08,,Ordered to be Reported in the Nature of a Substitute (Amended) by the Yeas and Nays: 24 - 16.,8235,House,H,Rural Physician Workforce Preservation Act,HR,2024-05-10,2024-05-10T04:05:19Z,https://api.congress.gov/v3/bill/118/hr/8235?format=json
118,2024-05-08,,Ordered to be Reported in the Nature of a Substitute (Amended) by the Yeas and Nays: 25 - 18.,8244,House,H,Ensuring Seniorsâ€™ Access to Quality Care Act,HR,2024-05-10,2024-05-10T04:05:32Z,https://api.congress.gov/v3/bill/118/hr/8244?format=json
118,2024-05-08,,Ordered to be Reported in the Nature of a Substitute (Amended) by the Yeas and Nays: 24 - 18.,8245,House,H,Rural Hospital Stabilization Act,HR,2024-05-10,2024-05-10T04:05:14Z,https://api.congress.gov/v3/bill/118/hr/8245?format=json
118,2024-05-08,,Ordered to be Reported in the Nature of a Substitute (Amended) by the Yeas and Nays: 24 - 18.,7931,House,H,PEAKS Act,HR,2024-05-10,2024-05-10T04:05:21Z,https://api.congress.gov/v3/bill/118/hr/7931?format=json
118,2024-05-08,,Ordered to be Reported in the Nature of a Substitute (Amended) by the Yeas and Nays: 41 - 0.,8261,House,H,"Preserving Telehealth, Hospital, and Ambulance Access Act",HR,2024-05-10,2024-05-10T04:05:16Z,https://api.congress.gov/v3/bill/118/hr/8261?format=json
118,2024-05-08,,Read twice and referred to the Committee on Finance.,4280,Senate,S,"A bill to amend titles XVIII and XIX of the Social Security Act to require skilled nursing facilities, nursing facilities, intermediate care facilities for the intellectually disabled, and inpatient rehabilitation facilities to permit essential caregivers access during any period in which regular visitation is restricted.",S,2024-05-09,2024-05-09T10:56:32Z,https://api.congress.gov/v3/bill/118/s/4280?format=json
118,2024-05-08,,Ordered to be Reported (Amended) by the Yeas and Nays: 15 - 9.,354,House,H,LEOSA Reform Act,HR,2024-05-10,2024-05-10T04:05:18Z,https://api.congress.gov/v3/bill/118/hr/354?format=json
118,2024-05-08,,Read twice and referred to the Committee on Foreign Relations.,4279,Senate,S,"A bill to require the Department of State and the Department of Defense to engage with the Government of Japan regarding areas of cooperation within the Pillar Two framework of the AUKUS partnership, and for other purposes.",S,2024-05-09,2024-05-09T10:56:32Z,https://api.congress.gov/v3/bill/118/s/4279?format=json
118,2024-05-08,,"Read twice and referred to the Committee on Health, Education, Labor, and Pensions.",4278,Senate,S,"A bill to require the Secretary of Health and Human Services to issue regulations to ensure due process rights for physicians before any termination, restriction, or reduction of the professional activity of such physicians or staff privileges of such physicians.",S,2024-05-09,2024-05-09T10:56:26Z,https://api.congress.gov/v3/bill/118/s/4278?format=json
118,2024-05-08,,Referred to the House Committee on Foreign Affairs.,8315,House,H,"To amend the Export Control Reform Act of 2018 to prevent foreign adversaries from exploiting United States artificial intelligence and other enabling technologies, and for other purposes.",HR,2024-05-10,2024-05-10T04:05:26Z,https://api.congress.gov/v3/bill/118/hr/8315?format=json
118,2024-05-08,,Referred to the House Committee on Energy and Commerce.,8330,House,H,"To amend the Public Health Service Act to increase access to accelerated nursing degree programs, and for other purposes.",HR,2024-05-10,2024-05-10T04:05:18Z,https://api.congress.gov/v3/bill/118/hr/8330?format=json
118,2024-05-08,,Referred to the House Committee on Armed Services.,8295,House,H,"To require the President to deliver ammunition to Israel, and for other purposes.",HR,2024-05-10,2024-05-10T04:05:20Z,https://api.congress.gov/v3/bill/118/hr/8295?format=json
118,2024-05-08,,Referred to the House Committee on Ways and Means.,8294,House,H,To amend title XVIII of the Social Security Act to provide for a waiver of certain criteria with respect to the designation of a critical access hospital.,HR,2024-05-10,2024-05-10T04:05:39Z,https://api.congress.gov/v3/bill/118/hr/8294?format=json
118,2024-05-08,,Referred to the House Committee on Education and the Workforce.,1212,House,H,Ending campus encampments.,HRES,2024-05-10,2024-05-10T13:23:16Z,https://api.congress.gov/v3/bill/118/hres/1212?format=json
118,2024-05-08,,Referred to the House Committee on Ways and Means.,8320,House,H,"To allow taxpayers to indicate whether the Federal income taxes they pay should be used for domestic or international purposes, to rescind certain balances made available to the Internal Revenue Service, and for other purposes.",HR,2024-05-10,2024-05-10T04:05:31Z,https://api.congress.gov/v3/bill/118/hr/8320?format=json
118,2024-05-08,,Referred to the House Committee on Ways and Means.,8314,House,H,To amend the Internal Revenue Code of 1986 to impose penalties with respect to contributions to political committees from certain tax exempt organizations that receive contributions from foreign nationals.,HR,2024-05-10,2024-05-10T04:05:19Z,https://api.congress.gov/v3/bill/118/hr/8314?format=json
118,2024-05-08,,"Referred to the Committee on Ways and Means, and in addition to the Committee on Education and the Workforce, for a period to be subsequently determined by the Speaker, in each case for consideration of such provisions as fall within the jurisdiction of the committee concerned.",8318,House,H,"To amend the Internal Revenue Code of 1986 to treat Indian Tribal Governments in the same manner as State governments for certain Federal tax purposes, and for other purposes.",HR,2024-05-10,2024-05-10T04:05:31Z,https://api.congress.gov/v3/bill/118/hr/8318?format=json
118,2024-05-08,,"Referred to the Committee on Foreign Affairs, and in addition to the Committee on the Judiciary, for a period to be subsequently determined by the Speaker, in each case for consideration of such provisions as fall within the jurisdiction of the committee concerned.",8310,House,H,"To require strategies on United States policy towards the Democratic Republic of the Congo, and for other purposes.",HR,2024-05-10,2024-05-10T04:05:19Z,https://api.congress.gov/v3/bill/118/hr/8310?format=json
118,2024-05-08,,Referred to the House Committee on the Judiciary.,1213,House,H,A resolution regarding violence against law enforcement officers.,HRES,2024-05-10,2024-05-10T13:23:16Z,https://api.congress.gov/v3/bill/118/hres/1213?format=json
118,2024-05-08,,"Referred to the Committee on Foreign Affairs, and in addition to the Committees on Financial Services, and the Judiciary, for a period to be subsequently determined by the Speaker, in each case for consideration of such provisions as fall within the jurisdiction of the committee concerned.",8329,House,H,To reauthorize and modify the Belarus Democracy Act of 2004.,HR,2024-05-10,2024-05-10T04:05:29Z,https://api.congress.gov/v3/bill/118/hr/8329?format=json
118,2024-05-08,,Referred to the House Committee on Education and the Workforce.,8319,House,H,"To create a grant program to support the development of innovative learning models, and for other purposes.",HR,2024-05-10,2024-05-10T04:05:34Z,https://api.congress.gov/v3/bill/118/hr/8319?format=json
118,2024-05-08,,Referred to the House Committee on Energy and Commerce.,8327,House,H,To amend title XI of the Social Security Act to provide for the redistribution of unused territorial cap amounts under the Medicaid program.,HR,2024-05-10,2024-05-10T04:05:41Z,https://api.congress.gov/v3/bill/118/hr/8327?format=json
118,2024-05-08,,Referred to the House Committee on Foreign Affairs.,8309,House,H,To amend the Foreign Assistance Act of 1961 to provide for the inclusion of additional information relating to internet freedom in Annual Country Reports on Human Rights Practices.,HR,2024-05-10,2024-05-10T04:05:28Z,https://api.congress.gov/v3/bill/118/hr/8309?format=json
118,2024-05-08,,"Referred to the Committee on the Judiciary, and in addition to the Committee on Homeland Security, for a period to be subsequently determined by the Speaker, in each case for consideration of such provisions as fall within the jurisdiction of the committee concerned.",1210,House,H,Condemning the Biden border crisis and the tremendous burdens law enforcement officers face as a result.,HRES,2024-05-12,2024-05-12T04:05:24Z,https://api.congress.gov/v3/bill/118/hres/1210?format=json
118,2024-05-08,,Referred to the House Committee on Transportation and Infrastructure.,8324,House,H,"To designate the United States courthouse annex located at 310 South Main Street in London, Kentucky, as the ""Eugene E. Siler, Jr. United States Courthouse Annex"".",HR,2024-05-10,2024-05-10T04:05:15Z,https://api.congress.gov/v3/bill/118/hr/8324?format=json
118,2024-05-08,,"Referred to the Committee on Education and the Workforce, and in addition to the Committee on the Judiciary, for a period to be subsequently determined by the Speaker, in each case for consideration of such provisions as fall within the jurisdiction of the committee concerned.",8332,House,H,"To prohibit student loan forgiveness for certain students, and for other purposes.",HR,2024-05-10,2024-05-10T04:05:29Z,https://api.congress.gov/v3/bill/118/hr/8332?format=json
118,2024-05-08,,Referred to the House Committee on Education and the Workforce.,1214,House,H,"Honoring the resiliency of America's teachers during Teacher Appreciation Week of May 6, 2024, through May 13, 2024.",HRES,2024-05-10,2024-05-10T13:23:16Z,https://api.congress.gov/v3/bill/118/hres/1214?format=json
118,2024-05-08,,"Referred to the Committee on Ways and Means, and in addition to the Committee on Oversight and Accountability, for a period to be subsequently determined by the Speaker, in each case for consideration of such provisions as fall within the jurisdiction of the committee concerned.",8293,House,H,American Donor Privacy and Foreign Funding Transparency Act,HR,2024-05-10,2024-05-10T04:05:27Z,https://api.congress.gov/v3/bill/118/hr/8293?format=json
118,2024-05-08,,"Referred to the Committee on Financial Services, and in addition to the Committee on Rules, for a period to be subsequently determined by the Speaker, in each case for consideration of such provisions as fall within the jurisdiction of the committee concerned.",8302,House,H,"To establish a commission to review the programs of the Department of Housing and Urban Development and make recommendations for legislative reforms, and for other purposes.",HR,2024-05-10,2024-05-10T04:05:24Z,https://api.congress.gov/v3/bill/118/hr/8302?format=json
118,2024-05-08,,Referred to the House Committee on Ways and Means.,8292,House,H,To amend the Internal Revenue Code of 1986 to increase penalties for unauthorized disclosure of taxpayer information.,HR,2024-05-11,2024-05-11T04:05:15Z,https://api.congress.gov/v3/bill/118/hr/8292?format=json
118,2024-05-08,,Referred to the House Committee on Ways and Means.,8290,House,H,Foreign Grant Reporting Act,HR,2024-05-11,2024-05-11T04:05:15Z,https://api.congress.gov/v3/bill/118/hr/8290?format=json
118,2024-05-08,,"Referred to the Committee on Energy and Commerce, and in addition to the Committee on Ways and Means, for a period to be subsequently determined by the Speaker, in each case for consideration of such provisions as fall within the jurisdiction of the committee concerned.",8331,House,H,"To amend titles XVIII and XIX of the Social Security Act to require skilled nursing facilities, nursing facilities, intermediate care facilities for the intellectually disabled, and inpatient rehabilitation facilities to permit essential caregivers access during any period in which regular visitation is restricted.",HR,2024-05-12,2024-05-12T04:05:15Z,https://api.congress.gov/v3/bill/118/hr/8331?format=json
118,2024-05-08,,"Referred to the Committee on Agriculture, and in addition to the Committee on Ways and Means, for a period to be subsequently determined by the Speaker, in each case for consideration of such provisions as fall within the jurisdiction of the committee concerned.",8326,House,H,To amend the Agricultural Adjustment Act with respect to the treatment of dates for processing under certain marketing orders.,HR,2024-05-10,2024-05-10T04:05:41Z,https://api.congress.gov/v3/bill/118/hr/8326?format=json
118,2024-05-08,,Referred to the House Committee on Ways and Means.,8291,House,H,End Zuckerbucks Act,HR,2024-05-11,2024-05-11T04:05:15Z,https://api.congress.gov/v3/bill/118/hr/8291?format=json
118,2024-05-08,,"Referred to the Committee on Ways and Means, and in addition to the Committee on the Judiciary, for a period to be subsequently determined by the Speaker, in each case for consideration of such provisions as fall within the jurisdiction of the committee concerned.",8306,House,H,To provide that silencers be treated the same as firearms accessories.,HR,2024-05-10,2024-05-10T04:05:30Z,https://api.congress.gov/v3/bill/118/hr/8306?format=json
118,2024-05-08,,Referred to the House Committee on Energy and Commerce.,8317,House,H,"To amend title XIX of the Social Security Act to provide coverage under the Medicaid program for services provided by doulas and midwives, and for other purposes.",HR,2024-05-10,2024-05-10T04:05:35Z,https://api.congress.gov/v3/bill/118/hr/8317?format=json
118,2024-05-08,,"Referred to the Committee on Energy and Commerce, and in addition to the Committees on Natural Resources, the Judiciary, and Oversight and Accountability, for a period to be subsequently determined by the Speaker, in each case for consideration of such provisions as fall within the jurisdiction of the committee concerned.",8323,House,H,"To provide emergency assistance to States, territories, Tribal nations, and local areas affected by substance use disorder, including the use of opioids and stimulants, and to make financial assistance available to States, territories, Tribal nations, local areas, public or private nonprofit entities, and certain health providers, to provide for the development, organization, coordination, and operation of more effective and cost efficient systems for the delivery of essential services to individuals with substance use disorder and their families.",HR,2024-05-10,2024-05-10T04:05:37Z,https://api.congress.gov/v3/bill/118/hr/8323?format=json
118,2024-05-08,,"Referred to the Committee on Education and the Workforce, and in addition to the Committee on the Judiciary, for a period to be subsequently determined by the Speaker, in each case for consideration of such provisions as fall within the jurisdiction of the committee concerned.",8298,House,H,To amend section 1977A of the Revised Statutes of 1977 to equalize the remedies available under that section and to amend the Age Discrimination in Employment Act of 1967 to provide any legal or equitable relief available under title VII of the Civil Rights Act of 1964.,HR,2024-05-12,2024-05-12T04:05:32Z,https://api.congress.gov/v3/bill/118/hr/8298?format=json
118,2024-05-08,,Referred to the House Committee on the Judiciary.,8296,House,H,"To amend chapter 8 of title 5, United States Code, to require Federal agencies to submit to the Comptroller General of the United States a report on rules that are revoked, suspended, replaced, amended, or otherwise made ineffective.",HR,2024-05-10,2024-05-10T04:05:27Z,https://api.congress.gov/v3/bill/118/hr/8296?format=json
118,2024-05-08,,Referred to the House Committee on Financial Services.,8297,House,H,"To amend the HOME Investment Partnerships Act to establish a Project Turnkey Program to leverage vacant hotels and motels for housing and enhance shelter capacity nationally, and for other purposes.",HR,2024-05-10,2024-05-10T04:05:18Z,https://api.congress.gov/v3/bill/118/hr/8297?format=json
118,2024-05-08,,"Referred to the Committee on the Judiciary, and in addition to the Committee on Education and the Workforce, for a period to be subsequently determined by the Speaker, in each case for consideration of such provisions as fall within the jurisdiction of the committee concerned.",1215,House,H,Calling on elected officials and civil society leaders to join in efforts to educate the public on the contributions of the Jewish American community.,HRES,2024-05-10,2024-05-10T13:23:17Z,https://api.congress.gov/v3/bill/118/hres/1215?format=json
118,2024-05-08,,Referred to the House Committee on Education and the Workforce.,8304,House,H,To provide for a limitation on liability for certain institutions regarding limitations on compensation to student athletes.,HR,2024-05-10,2024-05-10T04:05:33Z,https://api.congress.gov/v3/bill/118/hr/8304?format=json
118,2024-05-08,,Referred to the House Committee on Natural Resources.,8308,House,H,To reauthorize the Nutria Eradication and Control Act of 2003.,HR,2024-05-10,2024-05-10T04:05:20Z,https://api.congress.gov/v3/bill/118/hr/8308?format=json
118,2024-05-08,,Referred to the House Committee on Natural Resources.,8307,House,H,"To provide that the memorial to commemorate the sacrifice and service of the women who worked on the home front to support the efforts of the United States military during World War II may be located on the National Mall, and for other purposes.",HR,2024-05-12,2024-05-12T04:05:29Z,https://api.congress.gov/v3/bill/118/hr/8307?format=json
118,2024-05-08,,"Referred to the Committee on the Judiciary, and in addition to the Committee on Education and the Workforce, for a period to be subsequently determined by the Speaker, in each case for consideration of such provisions as fall within the jurisdiction of the committee concerned.",8328,House,H,"To establish grants to provide education on guardianship alternatives for older adults and people with disabilities to health care workers, educators, family members, and court workers and court-related personnel.",HR,2024-05-10,2024-05-10T04:05:32Z,https://api.congress.gov/v3/bill/118/hr/8328?format=json
118,2024-05-08,,Referred to the House Committee on Oversight and Accountability.,8303,House,H,"To require the United States Postal Service to notify postal customers and relevant officials when operations are temporarily suspended at a post office, and for other purposes.",HR,2024-05-10,2024-05-10T04:05:27Z,https://api.congress.gov/v3/bill/118/hr/8303?format=json
118,2024-05-08,,Referred to the House Committee on Agriculture.,8300,House,H,"To amend the Food and Nutrition Act of 2008 to establish online and delivery standards, and for other purposes.",HR,2024-05-10,2024-05-10T04:05:28Z,https://api.congress.gov/v3/bill/118/hr/8300?format=json
118,2024-05-08,,Referred to the House Committee on the Judiciary.,8322,House,H,"To revoke visas of certain aliens for rioting or unlawful protests, and for other purposes.",HR,2024-05-12,2024-05-12T04:05:32Z,https://api.congress.gov/v3/bill/118/hr/8322?format=json
118,2024-05-08,,Referred to the House Committee on Foreign Affairs.,8321,House,H,"To require person convicted of unlawful activity on the campus of an institution of higher education beginning on and after October 7, 2023, to provide community service in Gaza.",HR,2024-05-10,2024-05-10T04:05:31Z,https://api.congress.gov/v3/bill/118/hr/8321?format=json
118,2024-05-08,,"Referred to the Committee on Natural Resources, and in addition to the Committee on Financial Services, for a period to be subsequently determined by the Speaker, in each case for consideration of such provisions as fall within the jurisdiction of the committee concerned.",8313,House,H,"To prioritize Federal permitting for certain national defense activities related to the authorities under the Defense Production Act of 1950 and projects related to such activities, and for other purposes.",HR,2024-05-10,2024-05-10T04:05:39Z,https://api.congress.gov/v3/bill/118/hr/8313?format=json
118,2024-05-08,,"Referred to the Committee on Education and the Workforce, and in addition to the Committee on Ways and Means, for a period to be subsequently determined by the Speaker, in each case for consideration of such provisions as fall within the jurisdiction of the committee concerned.",8316,House,H,"To establish a program of workforce development as an alternative to college for all, and for other purposes.",HR,2024-05-10,2024-05-10T04:05:41Z,https://api.congress.gov/v3/bill/118/hr/8316?format=json
118,2024-05-08,,"Referred to the Committee on Energy and Commerce, and in addition to the Committees on Education and the Workforce, Oversight and Accountability, and Armed Services, for a period to be subsequently determined by the Speaker, in each case for consideration of such provisions as fall within the jurisdiction of the committee concerned.",8301,House,H,"To require the Secretary of Labor to maintain a publicly available list of all employers that relocate a call center or contract call center work overseas, to make such companies ineligible for Federal grants or guaranteed loans, and to require disclosure of the physical location of business agents engaging in customer service communications, and for other purposes.",HR,2024-05-10,2024-05-10T04:05:16Z,https://api.congress.gov/v3/bill/118/hr/8301?format=json
118,2024-05-08,,Referred to the House Committee on Financial Services.,8288,House,H,"To require the Board of Governors of the Federal Reserve System to carry out a review of discount window operations, and for other purposes.",HR,2024-05-10,2024-05-10T04:05:28Z,https://api.congress.gov/v3/bill/118/hr/8288?format=json
118,2024-05-08,,Referred to the House Committee on Financial Services.,8287,House,H,"To require the Board of Governors of the Federal Reserve System to issue a rule relating to stress capital buffer requirements, and for other purposes.",HR,2024-05-10,2024-05-10T04:05:28Z,https://api.congress.gov/v3/bill/118/hr/8287?format=json
118,2024-05-08,,Referred to the House Committee on Veterans' Affairs.,8312,House,H,"To direct the Secretary of Veterans Affairs to establish a pilot program to permit certain members of the Armed Forces to pre-enroll in the system of annual patient enrollment established and operated under section 1705 of title 38, United States Code.",HR,2024-05-12,2024-05-12T04:05:30Z,https://api.congress.gov/v3/bill/118/hr/8312?format=json
118,2024-05-08,,Referred to the House Committee on Energy and Commerce.,8325,House,H,"To require the Secretary of Health and Human Services to issue regulations to ensure due process rights for physicians before any termination, restriction, or reduction of the professional activity of such physicians or staff privileges of such physicians.",HR,2024-05-10,2024-05-10T04:05:25Z,https://api.congress.gov/v3/bill/118/hr/8325?format=json
118,2024-05-08,,Referred to the House Committee on Agriculture.,8305,House,H,"To establish a payment program for unexpected loss of markets and revenues to timber harvesting and timber hauling businesses due to major disasters, and for other purposes.",HR,2024-05-10,2024-05-10T04:05:23Z,https://api.congress.gov/v3/bill/118/hr/8305?format=json
118,2024-05-08,,"Referred to the Committee on Energy and Commerce, and in addition to the Committee on Ways and Means, for a period to be subsequently determined by the Speaker, in each case for consideration of such provisions as fall within the jurisdiction of the committee concerned.",138,House,H,"Providing for congressional disapproval under chapter 8 of title 5, United States Code, of the rule submitted by the Centers for Medicare & Medicaid Services relating to ""Clarifying the Eligibility of Deferred Action for Childhood Arrivals (DACA) Recipients and Certain Other Noncitizens for a Qualified Health Plan through an Exchange, Advance Payments of the Premium Tax Credit, Cost-Sharing Reductions, and a Basic Health Program"".",HJRES,2024-05-10,2024-05-10T13:23:17Z,https://api.congress.gov/v3/bill/118/hjres/138?format=json
118,2024-05-08,,"Referred to the Committee on Energy and Commerce, and in addition to the Committee on Financial Services, for a period to be subsequently determined by the Speaker, in each case for consideration of such provisions as fall within the jurisdiction of the committee concerned.",8311,House,H,"To cancel existing medical debt, and for other purposes.",HR,2024-05-10,2024-05-10T04:05:38Z,https://api.congress.gov/v3/bill/118/hr/8311?format=json
118,2024-05-08,,Referred to the House Committee on Energy and Commerce.,8299,House,H,"To require the Secretary of Health and Human Services, in consultation with the Secretary of Commerce, the Council for Technology and Innovation of the Centers for Medicare & Medicaid Services, and the Commissioner of Food and Drugs, to carry out a program to facilitate and coordinate efforts between the United States and Israel to expand and enhance collaboration on the development and delivery of health care products and services.",HR,2024-05-10,2024-05-10T04:05:30Z,https://api.congress.gov/v3/bill/118/hr/8299?format=json
118,2024-05-08,,Referred to the House Committee on Education and the Workforce.,1211,House,H,"Condemning the violent, anti-American and anti-Israel protests that are occurring on campuses of institutions of higher education nationwide.",HRES,2024-05-12,2024-05-12T04:05:16Z,https://api.congress.gov/v3/bill/118/hres/1211?format=json
118,2024-05-08,,Sponsor introductory remarks on measure. (CR H2945),8253,House,H,"To establish a green transportation infrastructure grant program, and for other purposes.",HR,2024-05-12,2024-05-12T04:05:29Z,https://api.congress.gov/v3/bill/118/hr/8253?format=json
118,2024-05-07,,Became Public Law No: 118-53.,996,House,H,"To designate the facility of the United States Postal Service located at 3901 MacArthur Blvd., in New Orleans, Louisiana, as the ""Dr. Rudy Lombard Post Office"".",HR,2024-05-09,2024-05-09T15:45:08Z,https://api.congress.gov/v3/bill/118/hr/996?format=json
118,2024-05-07,,Became Public Law No: 118-59.,474,Senate,S,REPORT Act,S,2024-05-08,2024-05-08T14:05:22Z,https://api.congress.gov/v3/bill/118/s/474?format=json
118,2024-05-07,,Became Public Law No: 118-58.,3947,House,H,"To designate the facility of the United States Postal Service located at 859 North State Road 21 in Melrose, Florida, as the ""Pamela Jane Rock Post Office Building"".",HR,2024-05-08,2024-05-08T13:12:29Z,https://api.congress.gov/v3/bill/118/hr/3947?format=json
118,2024-05-07,,Became Public Law No: 118-57.,3944,House,H,"To designate the facility of the United States Postal Service located at 120 West Church Street in Mount Vernon, Georgia, as the ""Second Lieutenant Patrick Palmer Calhoun Post Office"".",HR,2024-05-08,2024-05-08T13:12:18Z,https://api.congress.gov/v3/bill/118/hr/3944?format=json
118,2024-05-07,,Became Public Law No: 118-56.,3865,House,H,"To designate the facility of the United States Postal Service located at 101 South 8th Street in Lebanon, Pennsylvania, as the ""Lieutenant William D. Lebo Post Office Building"".",HR,2024-05-08,2024-05-08T13:11:59Z,https://api.congress.gov/v3/bill/118/hr/3865?format=json
118,2024-05-07,,Became Public Law No: 118-52.,292,House,H,"To designate the facility of the United States Postal Service located at 24355 Creekside Road in Santa Clarita, California, as the ""William L. Reynolds Post Office Building"".",HR,2024-05-08,2024-05-08T13:10:58Z,https://api.congress.gov/v3/bill/118/hr/292?format=json
118,2024-05-07,,Became Public Law No: 118-55.,2754,House,H,"To designate the facility of the United States Postal Service located at 2395 East Del Mar Boulevard in Laredo, Texas, as the ""Lance Corporal David Lee Espinoza, Lance Corporal Juan Rodrigo Rodriguez & Sergeant Roberto Arizola Jr. Post Office Building"".",HR,2024-05-09,2024-05-09T15:50:52Z,https://api.congress.gov/v3/bill/118/hr/2754?format=json
118,2024-05-07,,Became Public Law No: 118-54.,2379,House,H,"To designate the facility of the United States Postal Service located at 616 East Main Street in St. Charles, Illinois, as the ""Veterans of the Vietnam War Memorial Post Office"".",HR,2024-05-08,2024-05-08T13:11:27Z,https://api.congress.gov/v3/bill/118/hr/2379?format=json
118,2024-05-07,,Placed on Senate Legislative Calendar under General Orders. Calendar No. 380.,18,Senate,S,"A concurrent resolution calling for the immediate release of Marc Fogel, a United States citizen and teacher, who was given an unjust and disproportionate criminal sentence by the Government of the Russian Federation in June 2022.",SCONRES,2024-05-10,2024-05-10T13:23:16Z,https://api.congress.gov/v3/bill/118/sconres/18?format=json
118,2024-05-07,,Placed on Senate Legislative Calendar under General Orders. Calendar No. 379.,505,Senate,S,A resolution condemning the use of sexual violence and rape as a weapon of war by the terrorist group Hamas against the people of Israel.,SRES,2024-05-10,2024-05-10T13:23:16Z,https://api.congress.gov/v3/bill/118/sres/505?format=json
118,2024-05-07,,Placed on Senate Legislative Calendar under General Orders. Calendar No. 378.,385,Senate,S,"A resolution calling for the immediate release of Evan Gershkovich, a United States citizen and journalist, who was wrongfully detained by the Government of the Russian Federation in March 2023.",SRES,2024-05-10,2024-05-10T12:25:59Z,https://api.congress.gov/v3/bill/118/sres/385?format=json
118,2024-05-07,,Placed on Senate Legislative Calendar under General Orders. Calendar No. 377.,357,Senate,S,A resolution recognizing the formation of the Alliance for Development in Democracy and urging the United States to pursue deeper ties with its member countries.,SRES,2024-05-08,2024-05-08T10:56:26Z,https://api.congress.gov/v3/bill/118/sres/357?format=json
118,2024-05-07,,Placed on Senate Legislative Calendar under General Orders. Calendar No. 376.,3874,Senate,S,Hamas and Palestinian Islamic Jihad International Terrorism Support Prevention Act of 2024,S,2024-05-10,2024-05-10T13:23:17Z,https://api.congress.gov/v3/bill/118/s/3874?format=json
118,2024-05-07,,"Read twice and referred to the Committee on Commerce, Science, and Transportation.",4277,Senate,S,"A bill to establish a green transportation infrastructure grant program, and for other purposes.",S,2024-05-08,2024-05-08T10:56:18Z,https://api.congress.gov/v3/bill/118/s/4277?format=json
118,2024-05-07,,Placed on Senate Legislative Calendar under General Orders. Calendar No. 375.,3854,Senate,S,International Freedom Protection Act,S,2024-05-10,2024-05-10T13:23:16Z,https://api.congress.gov/v3/bill/118/s/3854?format=json
118,2024-05-07,,Placed on Senate Legislative Calendar under General Orders. Calendar No. 374.,3235,Senate,S,End Iranian Terrorism Act of 2024,S,2024-05-10,2024-05-10T13:23:16Z,https://api.congress.gov/v3/bill/118/s/3235?format=json
118,2024-05-07,,Placed on Senate Legislative Calendar under General Orders. Calendar No. 373.,2626,Senate,S,MAHSA Act,S,2024-05-10,2024-05-10T13:23:17Z,https://api.congress.gov/v3/bill/118/s/2626?format=json
118,2024-05-07,,Read twice and referred to the Committee on the Judiciary.,4274,Senate,S,"A bill to require the Federal Bureau of Investigation to place on the No Fly List individuals who have supported foreign terrorist organizations, encouraged crimes of violence against Jewish persons, or been disciplined by an institution of higher education in relation to such conduct.",S,2024-05-08,2024-05-08T10:56:18Z,https://api.congress.gov/v3/bill/118/s/4274?format=json
118,2024-05-07,,Placed on Senate Legislative Calendar under General Orders. Calendar No. 372.,2336,Senate,S,MISSILES Act,S,2024-05-10,2024-05-10T16:37:52Z,https://api.congress.gov/v3/bill/118/s/2336?format=json
118,2024-05-07,,Placed on Senate Legislative Calendar under General Orders. Calendar No. 371.,1881,Senate,S,Restoring Sovereignty and Human Rights in Nicaragua Act of 2024,S,2024-05-10,2024-05-10T13:23:16Z,https://api.congress.gov/v3/bill/118/s/1881?format=json
118,2024-05-07,,Placed on Senate Legislative Calendar under General Orders. Calendar No. 370.,1829,Senate,S,Stop Harboring Iranian Petroleum Act of 2024,S,2024-05-11,2024-05-11T04:05:14Z,https://api.congress.gov/v3/bill/118/s/1829?format=json
118,2024-05-07,,Placed on Senate Legislative Calendar under General Orders. Calendar No. 369.,1651,Senate,S,Western Balkans Democracy and Prosperity Act,S,2024-05-10,2024-05-10T13:23:16Z,https://api.congress.gov/v3/bill/118/s/1651?format=json
118,2024-05-07,,Placed on Senate Legislative Calendar under General Orders. Calendar No. 368.,618,Senate,S,United States Foundation for International Conservation Act of 2024,S,2024-05-10,2024-05-10T13:23:16Z,https://api.congress.gov/v3/bill/118/s/618?format=json
118,2024-05-07,,Placed on Senate Legislative Calendar under General Orders. Calendar No. 367.,138,Senate,S,Promoting a Resolution to the Tibet-China Dispute Act,S,2024-05-11,2024-05-11T04:05:16Z,https://api.congress.gov/v3/bill/118/s/138?format=json
118,2024-05-07,,Message on House action received in Senate and at desk: House amendment to Senate bill.,2073,Senate,S,Eliminate Useless Reports Act of 2023,S,2024-05-08,2024-05-08T18:16:21Z,https://api.congress.gov/v3/bill/118/s/2073?format=json
118,2024-05-07,,"Placed on the Union Calendar, Calendar No. 409.",5403,House,H,CBDC Anti-Surveillance State Act,HR,2024-05-10,2024-05-10T00:41:16Z,https://api.congress.gov/v3/bill/118/hr/5403?format=json
118,2024-05-07,,"Read twice and referred to the Committee on Health, Education, Labor, and Pensions.",4276,Senate,S,"A bill to amend the Public Health Service Act to reauthorize the Project ECHO Grant Program, to establish grants under such program to disseminate knowledge and build capacity to address Alzheimer's disease and other dementias, and for other purposes.",S,2024-05-08,2024-05-08T10:56:18Z,https://api.congress.gov/v3/bill/118/s/4276?format=json
118,2024-05-07,,Read twice and referred to the Committee on Finance. (text: CR S3505),4275,Senate,S,A bill to amend the Internal Revenue Code of 1986 to modify the rules relating to inverted corporations.,S,2024-05-09,2024-05-09T10:56:32Z,https://api.congress.gov/v3/bill/118/s/4275?format=json
118,2024-05-07,,"Read twice and referred to the Committee on Health, Education, Labor, and Pensions.",4273,Senate,S,"A bill to amend the Older Americans Act of 1965 to enhance the longevity, dignity, empowerment, and respect of older individuals who are Native Americans, and for other purposes.",S,2024-05-08,2024-05-08T10:56:19Z,https://api.congress.gov/v3/bill/118/s/4273?format=json
118,2024-05-07,,Read twice and referred to the Committee on Rules and Administration.,4272,Senate,S,A bill to direct the Joint Committee of Congress on the Library to obtain a statue of Shirley Chisholm for placement in the United States Capitol.,S,2024-05-09,2024-05-09T10:56:32Z,https://api.congress.gov/v3/bill/118/s/4272?format=json
118,2024-05-07,,"Read twice and referred to the Committee on Health, Education, Labor, and Pensions.",4270,Senate,S,A bill to amend the Higher Education Act of 1965 to improve the financial aid process for homeless and foster care youth.,S,2024-05-08,2024-05-08T10:56:20Z,https://api.congress.gov/v3/bill/118/s/4270?format=json
118,2024-05-07,,Read twice and referred to the Committee on Energy and Natural Resources.,4271,Senate,S,"A bill to provide for greater cooperation and coordination between the Federal Government and the governing bodies and community users of land grant-mercedes in New Mexico relating to historical or traditional uses of certain land grant-mercedes on Federal public land, and for other purposes.",S,2024-05-08,2024-05-08T10:56:20Z,https://api.congress.gov/v3/bill/118/s/4271?format=json
118,2024-05-07,,"Placed on the Union Calendar, Calendar No. 408.",4766,House,H,Clarity for Payment Stablecoins Act of 2023,HR,2024-05-09,2024-05-09T12:09:08Z,https://api.congress.gov/v3/bill/118/hr/4766?format=json
118,2024-05-07,,"Referred to the Committee on Health, Education, Labor, and Pensions. (text: CR S3506)",676,Senate,S,"A resolution supporting the goals and ideals of National Nurses Week, to be observed from May 6 through May 12, 2024.",SRES,2024-05-10,2024-05-10T13:26:23Z,https://api.congress.gov/v3/bill/118/sres/676?format=json
118,2024-05-07,,Received in the Senate and Read twice and referred to the Committee on Homeland Security and Governmental Affairs.,272,House,H,ASTRO Act,HR,2024-05-10,2024-05-10T12:25:49Z,https://api.congress.gov/v3/bill/118/hr/272?format=json
118,2024-05-07,17:17:12,"ASSUMING FIRST SPONSORSHIP - Mr. Rose asked unanimous consent that he may hereafter be considered as the first sponsor of H.R. 4128, a bill originally introduced by Representative Payne, for the purpose of adding cosponsors and requesting reprintings pursuant to clause 7 of rule XII. Agreed to without objection.",4128,House,H,Payment Choice Act of 2023,HR,2024-05-10,2024-05-10T15:41:50Z,https://api.congress.gov/v3/bill/118/hr/4128?format=json
118,2024-05-07,17:09:37,The Chair directed the Clerk to notify the Senate of the action of the House.,98,House,H,"Providing for congressional disapproval under chapter 8 of title 5, United States Code, of the rule submitted by the National Labor Relations Board relating to ""Standard for Determining Joint Employer Status"".",HJRES,2024-05-09,2024-05-09T04:05:25Z,https://api.congress.gov/v3/bill/118/hjres/98?format=json
118,2024-05-07,,Received in the Senate and Read twice and referred to the Committee on Homeland Security and Governmental Affairs.,7528,House,H,Comment Integrity and Management Act of 2024,HR,2024-05-10,2024-05-10T12:25:36Z,https://api.congress.gov/v3/bill/118/hr/7528?format=json
118,2024-05-07,,Received in the Senate and Read twice and referred to the Committee on Homeland Security and Governmental Affairs.,7525,House,H,Special District Grant Accessibility Act,HR,2024-05-10,2024-05-10T12:25:45Z,https://api.congress.gov/v3/bill/118/hr/7525?format=json
118,2024-05-07,,Received in the Senate and Read twice and referred to the Committee on Homeland Security and Governmental Affairs.,7524,House,H,GSA Technology Accountability Act,HR,2024-05-09,2024-05-09T17:20:45Z,https://api.congress.gov/v3/bill/118/hr/7524?format=json
118,2024-05-07,,Received in the Senate and Read twice and referred to the Committee on Homeland Security and Governmental Affairs.,7219,House,H,Information Quality Assurance Act,HR,2024-05-09,2024-05-09T17:21:15Z,https://api.congress.gov/v3/bill/118/hr/7219?format=json
118,2024-05-07,,Received in the Senate and Read twice and referred to the Committee on Homeland Security and Governmental Affairs.,6972,House,H,Securing Chain of Command Continuity Act,HR,2024-05-10,2024-05-10T12:25:53Z,https://api.congress.gov/v3/bill/118/hr/6972?format=json
118,2024-05-07,,"Read twice and referred to the Committee on Commerce, Science, and Transportation.",4269,Senate,S,"A bill to amend title 49, United States Code, to promote competition in aviation regulation, and for other purposes.",S,2024-05-08,2024-05-08T10:56:21Z,https://api.congress.gov/v3/bill/118/s/4269?format=json
118,2024-05-07,,Read twice and referred to the Committee on the Judiciary. (text: CR S3505-3506),77,Senate,S,A joint resolution proposing an amendment to the Constitution of the United States relative to the fundamental right to vote.,SJRES,2024-05-10,2024-05-10T13:23:16Z,https://api.congress.gov/v3/bill/118/sjres/77?format=json
118,2024-05-07,,Read twice and referred to the Committee on the Judiciary.,4268,Senate,S,A bill proposing a balanced budget amendment to the Constitution of the United States.,S,2024-05-08,2024-05-08T10:56:21Z,https://api.congress.gov/v3/bill/118/s/4268?format=json
118,2024-05-07,,Read twice and referred to the Committee on Energy and Natural Resources.,4267,Senate,S,"A bill to prohibit Big Cypress National Preserve from being designated as wilderness or as a component of the National Wilderness Preservation System, and for other purposes.",S,2024-05-08,2024-05-08T10:56:21Z,https://api.congress.gov/v3/bill/118/s/4267?format=json
118,2024-05-07,,Received in the Senate and Read twice and referred to the Committee on Homeland Security and Governmental Affairs.,7527,House,H,Mail Traffic Deaths Reporting Act,HR,2024-05-09,2024-05-09T17:18:56Z,https://api.congress.gov/v3/bill/118/hr/7527?format=json
118,2024-05-07,,Read twice and referred to the Committee on Homeland Security and Governmental Affairs.,4266,Senate,S,"A bill to amend title 5, United States Code, to address telework for Federal employees, and for other purposes.",S,2024-05-08,2024-05-08T10:56:22Z,https://api.congress.gov/v3/bill/118/s/4266?format=json
118,2024-05-07,,"Read twice and referred to the Committee on Banking, Housing, and Urban Affairs.",4265,Senate,S,"A bill to amend the Truth in Lending Act and the Real Estate Settlement Procedures Act of 1974 to establish language access requirements for creditors and servicers, and for other purposes.",S,2024-05-08,2024-05-08T10:56:17Z,https://api.congress.gov/v3/bill/118/s/4265?format=json
118,2024-05-07,14:23:02,Motion to reconsider laid on the table Agreed to without objection.,1204,House,H,Electing a Member to a certain standing committee of the House of Representatives.,HRES,2024-05-09,2024-05-09T12:09:07Z,https://api.congress.gov/v3/bill/118/hres/1204?format=json
118,2024-05-07,14:22:00,Motion to reconsider laid on the table Agreed to without objection.,1194,House,H,"Providing for consideration of the bill (H.R. 6192) to amend the Energy Policy and Conservation Act to prohibit the Secretary of Energy from prescribing any new or amended energy conservation standard for a product that is not technologically feasible and economically justified, and for other purposes; providing for consideration of the bill (H.R. 7109) to require a citizenship question on the decennial census, to require reporting on certain census statistics, and to modify apportionment of Representatives to be based on United States citizens instead of all persons; providing for consideration of the joint resolution (H.J. Res. 109) providing for congressional disapproval under chapter 8 of title 5, United States Code, of the rule submitted by the Securities and Exchange Commission relating to ""Staff Accounting Bulletin No. 121""; and providing for consideration of the bill (H.R. 2925) to amend the Omnibus Budget Reconciliation Act of 1993 to provide for security of tenure for use of mining claims for ancillary activities, and for other purposes.",HRES,2024-05-09,2024-05-09T12:09:08Z,https://api.congress.gov/v3/bill/118/hres/1194?format=json
118,2024-05-07,,Ordered to be Reported in the Nature of a Substitute by Unanimous Consent.,6852,House,H,Holcombe Rucker Park Landmark Act,HR,2024-05-09,2024-05-09T04:05:19Z,https://api.congress.gov/v3/bill/118/hr/6852?format=json
118,2024-05-07,,Ordered to be Reported by Unanimous Consent.,6062,House,H,"To restore the ability of the people of American Samoa to approve amendments to the territorial constitution based on majority rule in a democratic act of self-determination, as authorized pursuant to an Act of Congress delegating administration of Federal territorial law in the territory to the President, and to the Secretary of the Interior under Executive Order 10264, dated June 29, 1951, under which the Constitution of American Samoa was approved and may be amended without requirement for further congressional action, subject to the authority of Congress under the Territorial Clause in article IV, section 3, clause 2 of the United States Constitution.",HR,2024-05-09,2024-05-09T04:05:26Z,https://api.congress.gov/v3/bill/118/hr/6062?format=json
118,2024-05-07,,Ordered to be Reported (Amended) by Unanimous Consent.,897,House,H,Alabama Underwater Forest National Marine Sanctuary and Protection Act,HR,2024-05-09,2024-05-09T04:05:19Z,https://api.congress.gov/v3/bill/118/hr/897?format=json
118,2024-05-07,,"Placed on the Union Calendar, Calendar No. 407.",2864,House,H,Countering CCP Drones Act,HR,2024-05-09,2024-05-09T12:09:08Z,https://api.congress.gov/v3/bill/118/hr/2864?format=json
118,2024-05-07,,"Placed on the Union Calendar, Calendar No. 406.",4581,House,H,Maternal and Child Health Stillbirth Prevention Act of 2023,HR,2024-05-09,2024-05-09T12:09:10Z,https://api.congress.gov/v3/bill/118/hr/4581?format=json
118,2024-05-07,,"Placed on the Union Calendar, Calendar No. 405.",820,House,H,Foreign Adversary Communications Transparency Act,HR,2024-05-09,2024-05-09T12:09:10Z,https://api.congress.gov/v3/bill/118/hr/820?format=json
118,2024-05-07,,"Placed on the Union Calendar, Calendar No. 404.",6960,House,H,Emergency Medical Services for Children Reauthorization Act of 2024,HR,2024-05-09,2024-05-09T12:09:09Z,https://api.congress.gov/v3/bill/118/hr/6960?format=json
118,2024-05-07,,"Referred to the Committee on Energy and Commerce, and in addition to the Committees on Education and the Workforce, and Ways and Means, for a period to be subsequently determined by the Speaker, in each case for consideration of such provisions as fall within the jurisdiction of the committee concerned.",137,House,H,"Providing for congressional disapproval under chapter 8 of title 5, United States Code, of the rule submitted by the Department of Labor relating to ""Short-Term, Limited-Duration Insurance and Independent, Noncoordinated Excepted Benefits Coverage"".",HJRES,2024-05-12,2024-05-12T04:05:28Z,https://api.congress.gov/v3/bill/118/hjres/137?format=json
